{
    "average_proportions": {
        "0": 0.9242104270241477,
        "1": 0.009006708318536932,
        "2": 0.02307489568536932,
        "3": 0.043707968971946023
    },
    "histogram": {
        "0": [
            0,
            0,
            0,
            0,
            0,
            0,
            2,
            5,
            22,
            81
        ],
        "1": [
            110,
            0,
            0,
            0,
            0,
            0,
            0,
            0,
            0,
            0
        ],
        "2": [
            107,
            2,
            1,
            0,
            0,
            0,
            0,
            0,
            0,
            0
        ],
        "3": [
            95,
            14,
            1,
            0,
            0,
            0,
            0,
            0,
            0,
            0
        ]
    }
}