model,dsc_int,hd95_int,assd_int,dsc_ext,hd95_ext,assd_ext,delta_dsc,delta_hd95,delta_assd
SegFormer MiT-b3,0.967272291717754,1.8304737854124364,0.9901713695595775,0.968438081184217,1.4705882352941178,0.6896889315808644,-0.001165789466463063,-0.3598855501183187,-0.3004824379787131
MANet MiT-b3,0.9808409774391784,0.9666666666666666,0.7170623154525855,0.9812108941936719,0.9933823529411764,0.5773502332066132,-0.00036991675449349337,0.02671568627450982,-0.1397120822459723
U-Net MiT-b3,0.9830327584095763,1.0,0.6258253636257342,0.9687482295500578,1.4345588235294118,0.6737548571163867,0.014284528859518475,0.4345588235294118,0.047929493490652564
U-Net MobileNetV2,0.9541561002498742,2.747505659270505,1.1722185002872902,0.9398319102479576,2.411764705882353,1.0287806377877382,0.014324190001916537,-0.33574095338815235,-0.14343786249955204
ResUNet,0.9656532292473703,1.9,1.016394829239854,0.9469218022152814,1.9411764705882353,0.8813874775257058,0.018731427032088854,0.04117647058823537,-0.13500735171414813
