{
    "average_brightness": 57.84120622114702,
    "average_color": {
        "red": 38.853477478027344,
        "green": 43.74064983021129,
        "blue": 57.56401450417258
    },
    "average_texture": {
        "contrast": 74.83782419786095,
        "dissimilarity": 2.1728849153297687
    }
}